<?xml version="1.0" encoding="UTF-8"?>
<extension>
    <id>CamillaFIR</id>
    <version>0.1.3</version>
    <name>CamillaFIR DSP</name>
    <module>Plugins::CamillaFIR::Plugin</module>
    <description>Advanced FIR processing with REW integration and GUI</description>
    <creator>Informatica Melizzi</creator>
    <email>support@informaticamelizzi.it</email>
    <homepageURL>https://github.com/davemellow/camillafir-lms-plugin</homepageURL>
    <defaultState>enabled</defaultState>
    <targetApplication>
        <id>SqueezeCenter</id>
        <minVersion>9.0.0</minVersion>
        <maxVersion>9.9.9</maxVersion>
    </targetApplication>
    <type>2</type>
</extension>
